EntrezGeneSymbol;Target;TargetFullName;SomaId
C4A C4B;C4b;Complement C4b;SL000318
F11;Coagulation Factor XI;Coagulation Factor XI;SL002662
CCL27;CTACK;C-C motif chemokine 27;SL003168
COL18A1;Endostatin;Endostatin;SL000403
TIMP1;TIMP-1;Metalloproteinase inhibitor 1;SL000591
PLAT;tPA;Tissue-type plasminogen activator;SL000053
PROK1;EG-VEGF;Prokineticin-1;SL004332
TIMP2;TIMP-2;Metalloproteinase inhibitor 2;SL000592
TGFB1;TGF-b1;Transforming growth factor beta-1;SL000584
FLT4;VEGF sR3;Vascular endothelial growth factor receptor 3;SL003322
C5;C5;Complement C5;SL000319
APOE;Apo E;Apolipoprotein E;SL000276
BDNF;BDNF;Brain-derived neurotrophic factor;SL003951
FGFR1;bFGF-R;Fibroblast growth factor receptor 1;SL003060
C8A C8B C8G;C8;Complement component C8;SL000324
CTSG;Cathepsin G;Cathepsin G;SL000345
CXCL16;CXCL16, soluble;C-X-C motif chemokine 16;SL004016
FGF10;FGF-10;Fibroblast growth factor 10;SL004333
FGF8;FGF-8B;Fibroblast growth factor 8 isoform B;SL004342
PLA2G2E;GIIE;Group IIE secretory phospholipase A2;SL004066
PLA2G5;GV;Calcium-dependent phospholipase A2;SL004182
IL12A IL12B;IL-12;Interleukin-12;SL001716
CCL20;MIP-3a;C-C motif chemokine 20;SL000133
APCS;SAP;Serum amyloid P-component;SL000573
KIT;SCF sR;Mast/stem cell growth factor receptor Kit;SL004010
TIMP3;TIMP-3;Metalloproteinase inhibitor 3;SL003043
TNFSF12;TWEAK;Tumor necrosis factor ligand superfamily member 12;SL004365
ANGPT4;Angiopoietin-4;Angiopoietin-4;SL004643
CDH1;Cadherin E;Cadherin-1;SL000055
GFRA3;GFRa-3;GDNF family receptor alpha-3;SL004144
EFNB3;Ephrin-B3;Ephrin-B3;SL004142
GFRA2;GFRa-2;GDNF family receptor alpha-2;SL004143
CCL21;6Ckine;C-C motif chemokine 21;SL003193
CCL5;RANTES;C-C motif chemokine 5;SL000563
HMGB1;HMG-1;High mobility group protein B1;SL003280
TNFRSF11B;OPG;Tumor necrosis factor receptor superfamily member 11B;SL002539
POMC;b-Endorphin;Beta-endorphin;SL000300
CFI;Factor I;Complement factor I;SL003328
IGFBP2;IGFBP-2;Insulin-like growth factor-binding protein 2;SL000466
IGFBP3;IGFBP-3;Insulin-like growth factor-binding protein 3;SL000045
LEP;Leptin;Leptin;SL000498
CCL2;MCP-1;C-C motif chemokine 2;SL000038
MMP9;MMP-9;Matrix metalloproteinase-9;SL000527
MPO;Myeloperoxidase;Myeloperoxidase;SL001796
PRL;PRL;Prolactin;SL000546
ROR1;ROR1;Tyrosine-protein kinase transmembrane receptor ROR1;SL006114
VEGFA;VEGF;Vascular endothelial growth factor A;SL000002
TNFRSF9;4-1BB;Tumor necrosis factor receptor superfamily member 9;SL004126
TNFSF9;4-1BB ligand;Tumor necrosis factor ligand superfamily member 9;SL003735
ANGPT2;Angiopoietin-2;Angiopoietin-2;SL001996
CD80;B7;T-lymphocyte activation antigen CD80;SL003738
TNFRSF8;CD30;Tumor necrosis factor receptor superfamily member 8;SL004180
CRLF1 CLCF1;CLF-1/CLC Complex;Cytokine receptor-like factor 1:Cardiotrophin-like cytokine factor 1 Complex;SL004692
CST3;Cystatin C;Cystatin-C;SL001777
TYRO3;Dtk;Tyrosine-protein kinase receptor TYRO3;SL004136
EIF5;eIF-5;Eukaryotic translation initiation factor 5;SL004759
EFNA4;Ephrin-A4;Ephrin-A4;SL004140
EFNA5;Ephrin-A5;Ephrin-A5;SL004141
ERBB2;ERBB2;Receptor tyrosine-protein kinase erbB-2;SL000009
ERBB3;ERBB3;Receptor tyrosine-protein kinase erbB-3;SL002519
ERBB4;ERBB4;Receptor tyrosine-protein kinase erbB-4;SL003803
TACSTD2;GA733-1 protein;Tumor-associated calcium signal transducer 2;SL001890
IL6ST;gp130, soluble;Interleukin-6 receptor subunit beta;SL003872
HMOX2;HO-2;Heme oxygenase 2;SL004751
Human-virus;HPV E7 Type 16;Protein E7_HPV16;SL004697
Human-virus;HPV E7 Type18;Protein E7_HPV18;SL004698
HSP90AA1 HSP90AB1;HSP 90a/b;Heat shock protein HSP 90-alpha/beta;SL017612
IL1RAP;IL-1 R AcP;Interleukin-1 Receptor accessory protein;SL004588
IL10RB;IL-10 Rb;Interleukin-10 receptor subunit beta;SL004147
IL12RB1;IL-12 Rb1;Interleukin-12 receptor subunit beta-1;SL004148
IL13RA1;IL-13 Ra1;Interleukin-13 receptor subunit alpha-1;SL004149
IL2RG;IL-2 sRg;Cytokine receptor common subunit gamma;SL003307
LAYN;Layilin;Layilin;SL004646
LTBR;Lymphotoxin b R;Tumor necrosis factor receptor superfamily member 3;SL000509
MRC1;Macrophage mannose receptor;Macrophage mannose receptor 1;SL004579
CSF1R;M-CSF R;Macrophage colony-stimulating factor 1 receptor;SL004153
MST1R;MSP R;Macrophage-stimulating protein receptor;SL004637
PAFAH1B2;PAFAH beta subunit;Platelet-activating factor acetylhydrolase IB subunit beta;SL004760
CDH3;P-Cadherin;Cadherin-3;SL004183
PRKCA;PKC-A;Protein kinase C alpha type;SL000551
PRKCZ;PKC-Z;Protein kinase C zeta type;SL000557
GDI2;Rab GDP dissociation inhibitor beta;Rab GDP dissociation inhibitor beta;SL003648
ICAM3;sICAM-3;Intercellular adhesion molecule 3;SL003178
PLAUR;suPAR;Urokinase plasminogen activator surface receptor;SL002506
MAPT;tau;Microtubule-associated protein tau;SL004230
TNFRSF1A;TNF sR-I;Tumor necrosis factor receptor superfamily member 1A;SL001992
NTRK3;TrkC;NT-3 growth factor receptor;SL004639
TNFRSF17;BCMA;Tumor necrosis factor receptor superfamily member 17;SL004672
DCN;Bone proteoglycan II;Decorin;SL004081
CAPN1 CAPNS1;Calpain I;Calpain I;SL000337
CKM;CK-MM;Creatine kinase M-type;SL000383
TDGF1;Cripto;Teratocarcinoma-derived growth factor 1;SL005155
EGFR;ERBB1;Epidermal growth factor receptor;SL002644
HGF;HGF;Hepatocyte growth factor;SL000441
HSPD1;HSP 60;60 kDa heat shock protein, mitochondrial;SL000450
C3;iC3b;Complement C3b, inactivated;SL000456
IGFBP5;IGFBP-5;Insulin-like growth factor-binding protein 5;SL004676
IGFBP6;IGFBP-6;Insulin-like growth factor-binding protein 6;SL005172
MIA;MIA;Melanoma-derived growth regulatory protein;SL001947
PLA2G2A;NPS-PLA2;Phospholipase A2, membrane associated;SL002528
OSM;OSM;Oncostatin-M;SL000530
PECAM1;PECAM-1;Platelet endothelial cell adhesion molecule;SL001721
PSPN;Persephin;Persephin;SL004685
PF4;PF-4;Platelet factor 4;SL003041
PROS1;Protein S;Vitamin K-dependent protein S;SL000049
TNFRSF13B;TACI;Tumor necrosis factor receptor superfamily member 13B;SL004364
CCL25;TECK;C-C motif chemokine 25;SL003197
SERPINA7;Thyroxine-Binding Globulin;Thyroxine-Binding Globulin;SL000590
TNFSF18;TNFSF18;Tumor necrosis factor ligand superfamily member 18;SL004326
CNTFR;CNTFR alpha;Ciliary neurotrophic factor receptor subunit alpha;SL005153
AIMP1;EMAP-2;Endothelial monocyte-activating polypeptide 2;SL003334
EPOR;EPO-R;Erythropoietin receptor;SL005159
CSF3R;G-CSF-R;Granulocyte colony-stimulating factor receptor;SL004591
IL37;IL-1F7;Interleukin-37;SL005178
LAMA1 LAMB1  LAMC1;Laminin;Laminin;SL000497
MICA;MICA;MHC class I polypeptide-related sequence A;SL005199
POR;NADPH-P450 Oxidoreductase;NADPH--cytochrome P450 reductase;SL000528
NANOG;NANOG;Homeobox protein NANOG;SL005235
NCR2;NKp44;Natural cytotoxicity triggering receptor 2;SL005206
NOV;NovH;Protein NOV homolog;SL005236
SIGLEC6;Siglec-6;Sialic acid-binding Ig-like lectin 6;SL005217
SIGLEC7;Siglec-7;Sialic acid-binding Ig-like lectin 7;SL005218
SHH;Sonic Hedgehog;Sonic hedgehog protein;SL005220
CRLF2;TSLP R;Cytokine receptor-like factor 2;SL005226
ULBP3;ULBP-3;NKG2D ligand 3;SL005229
INHBA;Activin A;Inhibin beta A chain;SL001938
AZU1;Azurocidin;Azurocidin;SL004589
GDF5;BMP-14;Growth/differentiation factor 5;SL004329
C1QA C1QB  C1QC;C1q;Complement C1q subcomponent;SL000309
C3;C3;Complement C3;SL000312
C3;C3adesArg;C3a anaphylatoxin des Arginine;SL003220
FAM107A;DRR1;Protein FAM107A;SL004752
FGF18;FGF-18;Fibroblast growth factor 18;SL004336
FGF19;FGF-19;Fibroblast growth factor 19;SL004337
FGF20;FGF-20;Fibroblast growth factor 20;SL004338
FGF9;FGF9;Fibroblast growth factor 9;SL003849
GDF11;GDF-11;Growth/differentiation factor 11;SL004345
HPX;Hemopexin;Hemopexin;SL000440
Human-virus;HIV-2 Rev;Protein Rev_HV2BE;SL000445
CCL1;I-309;C-C motif chemokine 1;SL003176
IGFBP1;IGFBP-1;Insulin-like growth factor-binding protein 1;SL000462
IL10;IL-10;Interleukin-10;SL001717
IL16;IL-16;Interleukin-16;SL000474
IL17F;IL-17F;Interleukin-17F;SL004352
IL22;IL-22;Interleukin-22;SL004347
LTF;Lactoferrin;Lactotransferrin;SL000496
CCL4L1;LAG-1;C-C motif chemokine 4-like;SL004356
CCL3L1;LD78-beta;C-C motif chemokine 3-like 1;SL004355
CCL8;MCP-2;C-C motif chemokine 8;SL000515
MMP3;MMP-3;Stromelysin-1;SL000524
MMP7;MMP-7;Matrilysin;SL000525
PPBP;NAP-2;Neutrophil-activating peptide 2;SL003191
SOD1;SOD;Superoxide dismutase [Cu-Zn];SL000581
ALPL;Alkaline phosphatase, bone;Alkaline phosphatase, tissue-nonspecific isozyme;SL002077
FGA FGB FGG;Fibrinogen;Fibrinogen;SL000424
APOB;Apo B;Apolipoprotein B;SL000020
ACE2;ACE2;Angiotensin-converting enzyme 2;SL004415
ACVR1B;Activin RIB;Activin receptor type-1B;SL004128
ADAMTS4;ADAMTS-4;A disintegrin and metalloproteinase with thrombospondin motifs 4;SL004625
ANGPT1;Angiopoietin-1;Angiopoietin-1;SL001995
AGRP;ART;Agouti-related protein;SL006924
BCAM;BCAM;Basal Cell Adhesion Molecule;SL001902
CDH5;Cadherin-5;Cadherin-5;SL002081
CD97;CD97;CD97 antigen;SL004726
COMMD7;COMMD7;COMM domain-containing protein 7;SL004704
EDA;EDA;Ectodysplasin-A, secreted form;SL004644
CX3CL1;Fractalkine/CX3CL-1;Fractalkine;SL000427
SPINT1;HAI-1;Kunitz-type protease inhibitor 1;SL004645
IL27 EBI3;IL-27;Interleukin-27;SL006915
KLK11;Kallikrein 11;Kallikrein-11;SL002763
KLK4;Kallikrein 4;Kallikrein-4;SL003800
KLK8;kallikrein 8;Kallikrein-8;SL003915
XRCC6;Ku70;X-ray repair cross-complementing protein 6;SL004301
MET;Met;Hepatocyte growth factor receptor;SL000134
MMP17;MMP-17;Matrix metalloproteinase-17;SL003332
TNFSF4;OX40 Ligand;Tumor necrosis factor ligand superfamily member 4;SL004649
FRZB;sFRP-3;Secreted frizzled-related protein 3;SL004650
ICAM2;sICAM-2;Intercellular adhesion molecule 2;SL003177
SPINT2;SPINT2;Kunitz-type protease inhibitor 2;SL001897
TIE1;sTie-1;Tyrosine-protein kinase receptor Tie-1, soluble;SL003199
RPS27A;Ubiquitin+1;Ubiquitin+1, truncated mutation for UbB;SL000605
WIF1;WIF-1;Wnt inhibitory factor 1;SL004652
AIF1;AIF1;Allograft inflammatory factor 1;SL004768
ARG1;ARGI1;Arginase-1;SL008008
C5;C5a;C5a anaphylatoxin;SL000320
CHEK1;CHK1;Serine/threonine-protein kinase Chk1;SL006911
MAPK3;ERK-1;Mitogen-activated protein kinase 3;SL000409
NR3C1;Glucocorticoid receptor;Glucocorticoid receptor;SL006914
HAT1;Hat1;Histone acetyltransferase type B catalytic subunit;SL004725
HDAC8;HDAC8;Histone deacetylase 8;SL004723
KPNA2;Karyopherin-a2;Importin subunit alpha-1;SL004718
MAP2K1;MEK1;Dual specificity mitogen-activated protein kinase kinase 1;SL003793
KAT6A;MOZ;Histone acetyltransferase KAT6A;SL004724
PRKCD;PKC-D;Protein kinase C delta type;SL000554
RAC1;RAC1;Ras-related C3 botulinum toxin substrate 1;SL004009
RAD51;RAD51;DNA repair protein RAD51 homolog 1;SL006922
TBP;TBP;TATA-box-binding protein;SL006923
TOP1;Topoisomerase I;DNA topoisomerase 1;SL004305
UBE2I;UBC9;SUMO-conjugating enzyme UBC9;SL004306
YES1;YES;Tyrosine-protein kinase Yes;SL006372
SERPINA3;a1-Antichymotrypsin;Alpha-1-antichymotrypsin;SL000248
C7;C7;Complement component C7;SL000323
CTF1;Cardiotrophin-1;Cardiotrophin-1;SL002783
CCL28;CCL28;C-C motif chemokine 28;SL003303
CD22;CD22;B-cell receptor CD22;SL004330
CCL14;HCC-1;C-C motif chemokine 14;SL003329
IL4;IL-4;Interleukin-4;SL000480
MDK;Midkine;Midkine;SL002621
CCL23;MPIF-1;C-C motif chemokine 23;SL003302
PCNA;PCNA;Proliferating cell nuclear antigen;SL000131
TNFSF11;sRANKL;Tumor necrosis factor ligand superfamily member 11;SL002541
SERPINE1;PAI-1;Plasminogen activator inhibitor 1;SL000006
APOE;Apo E3;Apolipoprotein E (isoform E3);SL004668
APOE;Apo E4;Apolipoprotein E (isoform E4);SL004669
ARTN;Artemin;Artemin;SL004670
CYCS;Cytochrome c;Cytochrome c;SL000396
CYP3A4;Cytochrome P450 3A4;Cytochrome P450 3A4;SL000398
NBL1;DAN;Neuroblastoma suppressor of tumorigenicity 1;SL005156
ESR1;ER;Estrogen receptor;SL000007
CFD;Factor D;Complement factor D;SL003327
GHR;Growth hormone receptor;Growth hormone receptor;SL005168
PLA2G10;GX;Group 10 secretory phospholipase A2;SL004067
IGFBP4;IGFBP-4;Insulin-like growth factor-binding protein 4;SL005171
IGF1;IGF-I;Insulin-like growth factor I;SL000047
CGA LHB;Luteinizing hormone;Luteinizing hormone;SL000506
MMP8;MMP-8;Neutrophil collagenase;SL000526
EHMT2;NG36;Histone-lysine N-methyltransferase EHMT2;SL003542
CFP;Properdin;Properdin;SL003192
PROC;Protein C;Vitamin K-dependent protein C;SL000048
PTHLH;PTHrP;Parathyroid hormone-related protein;SL002561
CLEC11A;SCGF-beta;Stem Cell Growth Factor-beta;SL004362
VCAM1;VCAM-1;Vascular cell adhesion protein 1;SL001720
TNFSF15;TNFSF15;Tumor necrosis factor ligand superfamily member 15;SL004686
ACVRL1;ALK-1;Serine/threonine-protein kinase receptor R3;SL004851
AREG;AREG;Amphiregulin;SL000136
BMP7;BMP-7;Bone morphogenetic protein 7;SL004078
CD36;CD36 ANTIGEN;Platelet glycoprotein 4;SL000668
CNTN1;contactin-1;Contactin-1;SL004855
CTGF;CTGF;Connective tissue growth factor;SL002655
DSG1;Desmoglein-1;Desmoglein-1;SL004856
EDAR;EDAR;Tumor necrosis factor receptor superfamily member EDAR;SL004872
CXCL5;ENA-78;C-X-C motif chemokine 5;SL003169
ESAM;ESAM;Endothelial cell-selective adhesion molecule;SL005160
LGALS4;Galectin-4;Galectin-4;SL005165
CXCL1;Gro-a;Growth-regulated alpha protein;SL003173
CXCL3 CXCL2;Gro-b/g;Gro-beta/gamma;SL017610
HIST1H1C;Histone H1.2;Histone H1.2;SL005256
IFNG;IFN-g;Interferon gamma;SL001802
IL1R1;IL-1 sRI;Interleukin-1 receptor type 1;SL001997
IL17RA;IL-17 sR;Interleukin-17 receptor A;SL004850
IL18RAP;IL-18 Rb;Interleukin-18 receptor accessory protein;SL004861
IL1RL2;IL-1Rrp2;Interleukin-1 receptor-like 2;SL004875
JAM2;JAM-B;Junctional adhesion molecule B;SL005193
JAM3;JAM-C;Junctional adhesion molecule C;SL005194
LSAMP;LSAMP;Limbic system-associated membrane protein;SL005196
MBL2;MBL;Mannose-binding protein C;SL004516
NCR3;NKp30;Natural cytotoxicity triggering receptor 3;SL005205
PDCD1LG2;PD-L2;Programmed cell death 1 ligand 2;SL004862
PTPN1;PTP-1B;Tyrosine-protein phosphatase non-receptor type 1;SL004939
SIGLEC9;Siglec-9;Sialic acid-binding Ig-like lectin 9;SL005219
TGFBR3;TGF-b R III;Transforming growth factor beta receptor type 3;SL005059
TSLP;TSLP;Thymic stromal lymphopoietin;SL004687
CTLA4;CTLA-4;Cytotoxic T-lymphocyte protein 4;SL000384
SERPINF2;a2-Antiplasmin;Alpha-2-antiplasmin;SL000250
FGF2;bFGF;Fibroblast growth factor 2;SL000004
CAST;Calpastatin;Calpastatin;SL000338
CCL23;Ck-b-8-1;Ck-beta-8-1;SL003301
CD209;DC-SIGN;CD209 antigen;SL005157
CLEC4M;DC-SIGNR;C-type lectin domain family 4 member M;SL005158
FTH1 FTL;Ferritin;Ferritin;SL000420
CGA FSHB;FSH;Follicle stimulating hormone;SL000428
LGALS2;Galectin-2;Galectin-2;SL005164
GFAP;GFAP;Glial fibrillary acidic protein;SL004271
IL19;IL-19;Interleukin-19;SL004354
IL1B;IL-1b;Interleukin-1 beta;SL001795
CXCL11;I-TAC;C-X-C motif chemokine 11;SL003326
CCL3;MIP-1a;C-C motif chemokine 3;SL000519
MRC2;MRC2;C-type mannose receptor 2;SL008416
MB;Myoglobin;Myoglobin;SL000164
SPARC;ON;SPARC;SL000532
CCL18;PARC;C-C motif chemokine 18;SL003323
PTN;PTN;Pleiotrophin;SL002704
RETN;resistin;Resistin;SL004260
PRSS1;Trypsin;Trypsin-1;SL000603
VWF;vWF;von Willebrand factor;SL000017
FASLG;Fas ligand, soluble;Tumor necrosis factor ligand superfamily member 6, soluble form;SL000633
FLT3LG;Flt3 ligand;Fms-related tyrosine kinase 3 ligand;SL004343
HP;Haptoglobin, Mixed Type;Haptoglobin;SL000437
IL4R;IL-4 sR;Interleukin-4 receptor subunit alpha;SL003308
KLRK1;NKG2D;NKG2-D type II integral membrane protein;SL005204
WISP1;WISP-1;WNT1-inducible-signaling pathway protein 1;SL004689
TNFSF13B;BAFF;Tumor necrosis factor ligand superfamily member 13B;SL004327
C9;C9;Complement component C9;SL000325
CTSB;Cathepsin B;Cathepsin B;SL000343
FGF5;FGF-5;Fibroblast growth factor 5;SL004339
LGALS3;Galectin-3;Galectin-3;SL003744
GDF9;GDF-9;Growth/differentiation factor 9;SL005234
IGHM IGJ IGK@ IGL@;IgM;Immunoglobulin M;SL000468
IL2;IL-2;Interleukin-2;SL000478
IL13;IL-13;Interleukin-13;SL001718
IL18BP;IL-18 BPa;Interleukin-18-binding protein;SL002508
F10;Coagulation Factor Xa;Coagulation factor Xa;SL003324
PGF;PlGF;Placenta growth factor;SL002640
RARRES2;TIG2;Retinoic acid receptor responder protein 2;SL005152
ULBP1;ULBP-1;NKG2D ligand 1;SL005227
ULBP2;ULBP-2;NKG2D ligand 2;SL005228
EDA2R;XEDAR;Tumor necrosis factor receptor superfamily member 27;SL005233
AURKA;Aurora kinase A;Aurora kinase A;SL004771
DDX19B;DEAD-box protein 19B;ATP-dependent RNA helicase DDX19B;SL004750
MAPK1;MK01;Mitogen-activated protein kinase 1;SL006918
DIABLO;SMAC;Diablo homolog, mitochondrial;SL003733
VEGFC;VEGF-C;Vascular endothelial growth factor C;SL004486
CD4;sCD4;T-cell surface glycoprotein CD4;SL002524
IL2RA;IL-2 sRa;Interleukin-2 receptor subunit alpha;SL003305
TNFRSF1B;TNF sR-II;Tumor necrosis factor receptor superfamily member 1B;SL001800
CD33;Siglec-3;Myeloid cell surface antigen CD33;SL005215
ADAMTS5;ADAMTS-5;A disintegrin and metalloproteinase with thrombospondin motifs 5;SL004626
IDUA;IDUA;alpha-L-iduronidase;SL010368
METAP2;AMPM2;Methionine aminopeptidase 2;SL007261
APP;amyloid precursor protein;Amyloid beta A4 protein;SL004469
ARSB;ARSB;Arylsulfatase B;SL008956
NAAA;ASAHL;N-acylethanolamine-hydrolyzing acid amidase;SL008611
ADAMTS1;ATS1;A disintegrin and metalloproteinase with thrombospondin motifs 1;SL008421
ADAMTS13;ATS13;A disintegrin and metalloproteinase with thrombospondin motifs 13;SL006610
CA4;Carbonic Anhydrase IV;Carbonic anhydrase 4;SL010369
CTSC;CATC;Dipeptidyl peptidase 1;SL007280
CTSA;Cathepsin A;Lysosomal protective protein;SL009213
CTSD;Cathepsin D;Cathepsin D;SL000344
CTSS;Cathepsin S;Cathepsin S;SL004673
ENTPD1;CD39;Ectonucleoside triphosphate diphosphohydrolase 1;SL010371
F7;Coagulation Factor VII;Coagulation Factor VII;SL000358
C2;C2;Complement C2;SL002525
CRISP3;CRIS3;Cysteine-rich secretory protein 3;SL007284
TMPRSS15;Enterokinase;Enteropeptidase;SL010372
GAS1;GAS1;Growth arrest-specific protein 1;SL000658
WFIKKN1;WFKN1;WAP, kazal, immunoglobulin, kunitz and NTR domain-containing protein 1;SL012783
CNDP2;Glutamate carboxypeptidase;Cytosolic non-specific dipeptidase;SL002695
GP6;GPVI;Platelet glycoprotein VI;SL008759
GNLY;Granulysin;Granulysin;SL000678
HAPLN1;HPLN1;Hyaluronan and proteoglycan link protein 1;SL008023
IDE;IDE;Insulin-degrading enzyme;SL007122
IDS;IDS;Iduronate 2-sulfatase;SL008639
KLK12;kallikrein 12;Kallikrein-12;SL003916
KLK13;kallikrein 13;Kallikrein-13;SL003918
KLK5;kallikrein 5;Kallikrein-5;SL003863
KREMEN2;KREM2;Kremen protein 2;SL010393
LTA4H;LKHA4;Leukotriene A-4 hydrolase;SL007100
LYVE1;LYVE1;Lymphatic vessel endothelial hyaluronic acid receptor 1;SL008904
MATN3;MATN3;Matrilin-3;SL006992
MEPE;MEPE;Matrix extracellular phosphoglycoprotein;SL005437
METAP1;METAP1;Methionine aminopeptidase 1;SL010374
ASAH2;ASAH2;Neutral ceramidase;SL010375
NID1;Nidogen;Nidogen-1;SL000640
NRP1;NRP1;Neuropilin-1;SL006397
PIGR;PIGR;Polymeric immunoglobulin receptor;SL005797
SERPINE2;Protease nexin I;Glia-derived nexin;SL004457
FOLH1;PSMA;Glutamate carboxypeptidase 2;SL000158
RET;RET;Proto-oncogene tyrosine-protein kinase receptor Ret;SL010378
SFRP1;SARP-2;Secreted frizzled-related protein 1;SL003770
SEMA3A;Semaphorin 3A;Semaphorin-3A;SL010379
ACP5;TrATPase;Tartrate-resistant acid phosphatase type 5;SL004118
CCDC80;URB;Coiled-coil domain-containing protein 80;SL010390
WFIKKN2;WFKN2;WAP, Kazal, immunoglobulin, Kunitz and NTR domain-containing protein 2;SL010391
ACAN;Aggrecan;Aggrecan core protein;SL004661
ANGPTL3;ANGL3;Angiopoietin-related protein 3;SL006803
TGFBI;BGH3;Transforming growth factor-beta-induced protein ig-h3;SL006544
BGN;BGN;Biglycan;SL007804
C1R;C1r;Complement C1r subcomponent;SL000310
CA10;Carbonic Anhydrase X;Carbonic anhydrase-related protein 10;SL010449
CD109;CD109;CD109 antigen;SL008773
FCER2;CD23;Low affinity immunoglobulin epsilon Fc receptor;SL002706
CD48;CD48;CD48 antigen;SL010450
CD5L;CD5L;CD5 antigen-like;SL006108
CFC1;CFC1;Cryptic protein;SL010451
CNTN2;CNTN2;Contactin-2;SL008623
CNTN4;Contactin-4;Contactin-4;SL010454
CNTN5;Contactin-5;Contactin-5;SL010455
CST7;CYTF;Cystatin-F;SL007049
CST6;Cystatin M;Cystatin-M;SL004438
DLL4;DLL4;Delta-like protein 4;SL010457
FCGR2A FCGR2B;FCG2A/B;Low affinity immunoglobulin gamma Fc region receptor II-a/b;SL017613
FCGR3B;FCG3B;Low affinity immunoglobulin gamma Fc region receptor III-B;SL008609
FCGR1A;FCGR1;High affinity immunoglobulin gamma Fc receptor I;SL010461
FCN2;FCN2;Ficolin-2;SL006542
GFRA1;GFRa-1;GDNF family receptor alpha-1;SL004858
GPC2;GPC2;Glypican-2;SL010463
SERPIND1;Heparin cofactor II;Heparin cofactor 2;SL004466
HTRA2;HTRA2;Serine protease HTRA2, mitochondrial;SL004860
IGFBP7;IGFBP-7;Insulin-like growth factor-binding protein 7;SL005087
IL24;IL24;Interleukin-24;SL007385
LRIG3;LRIG3;Leucine-rich repeats and immunoglobulin-like domains protein 3;SL010464
LRP8;LRP8;Low-density lipoprotein receptor-related protein 8;SL004610
LY9;LY9;T-lymphocyte surface antigen Ly-9;SL007674
MATN2;MATN2;Matrilin-2;SL010465
CADM1;Nectin-like protein 2;Cell adhesion molecule 1;SL004805
NTN4;NET4;Netrin-4;SL007673
PGLYRP1;PGRP-S;Peptidoglycan recognition protein 1;SL004515
RGMB;RGMB;RGM domain family member B;SL010468
HFE2;RGM-C;Hemojuvelin;SL010469
TFPI;TFPI;Tissue factor pathway inhibitor;SL001998
THBS2;TSP2;Thrombospondin-2;SL007206
THBS4;TSP4;Thrombospondin-4;SL007207
ABL1;ABL1;Tyrosine-protein kinase ABL1;SL006892
ACY1;Aminoacylase-1;Aminoacylase-1;SL005574
SERPINC1;Antithrombin III;Antithrombin-III;SL000272
AURKB;AURKB;Aurora kinase B;SL010520
ADRBK1;BARK1;beta-adrenergic receptor kinase 1;SL002792
BMP1;BMP-1;Bone morphogenetic protein 1;SL003994
CAMK2A;CAMK2A;Calcium/calmodulin-dependent protein kinase type II subunit alpha;SL010491
CAMK2B;CAMK2B;Calcium/calmodulin-dependent protein kinase type II subunit beta;SL010492
CA6;Carbonic anhydrase 6;Carbonic anhydrase 6;SL010288
CA7;Carbonic anhydrase VII;Carbonic anhydrase 7;SL004868
CDK2 CCNA2;CDK2/cyclin A;Cyclin-dependent kinase 2:Cyclin-A2 complex;SL010495
CDK5 CDK5R1;CDK5/p35;Cyclin-dependent kinase 5:Cyclin-dependent kinase 5 activator 1 complex;SL010496
CDK8 CCNC;CDK8/cyclin C;Cyclin-dependent kinase 8:Cyclin-C complex;SL010522
CHEK2;Chk2;Serine/threonine-protein kinase Chk2;SL003726
CD207;CLC4K;C-type lectin domain family 4 member K;SL010610
CHRDL1;CRDL1;Chordin-like protein 1;SL009400
CSK;CSK;Tyrosine-protein kinase CSK;SL004781
CTSV;Cathepsin V;Cathepsin L2;SL006910
DKK4;Dkk-4;Dickkopf-related protein 4;SL010612
ECM1;ECM1;Extracellular matrix protein 1;SL006550
FETUB;FETUB;Fetuin-B;SL006777
GZMH;Granzyme H;Granzyme H;SL004654
HCK;HCK;Tyrosine-protein kinase HCK;SL010499
IL17RD;IL-17 RD;Interleukin-17 receptor D;SL010613
KLK7;Kallikrein 7;Kallikrein-7;SL000064
PRKCI;KPCI;Protein kinase C iota type;SL007228
LYN;LYNB;Tyrosine-protein kinase Lyn, isoform B;SL010500
PAK3;PAK3;Serine/threonine-protein kinase PAK 3;SL010508
PAK7;PAK7;Serine/threonine-protein kinase PAK 7;SL010510
SERPINA5;PCI;Plasma serine protease inhibitor;SL000550
PIK3CA PIK3R1;PIK3CA/PIK3R1;Phosphatidylinositol 4,5-bisphosphate 3-kinase catalytic subunit alpha isoform:Phosphatidylinositol 3-kinase regulatory subunit alpha complex;SL010512
PIK3CG;PK3CG;Phosphatidylinositol 4,5-bisphosphate 3-kinase catalytic subunit gamma isoform;SL007250
AKT1 AKT2 AKT3;PKB a/b/g;Protein kinase B alpha/beta/gamma;SL017614
PLK1;PLK-1;Serine/threonine-protein kinase PLK1;SL005258
REN;Renin;Renin;SL000565
PTPN11;SHP-2;Tyrosine-protein phosphatase non-receptor type 11;SL010616
STAB2;STAB2;Stabilin-2;SL007560
TBK1;TBK1;Serine/threonine-protein kinase TBK1;SL007747
PTPN2;TCPTP;Tyrosine-protein phosphatase non-receptor type 2;SL005261
TPSB2;TPSB2;Tryptase beta-2;SL010617
TPSG1;TPSG1;Tryptase gamma;SL010619
UFC1;UFC1;Ubiquitin-fold modifier-conjugating enzyme 1;SL010529
BCL2;Bcl-2;Apoptosis regulator Bcl-2;SL000104
BCL2A1;BFL1;Bcl-2-related protein A1;SL003703
BMX;BMX;Cytoplasmic tyrosine-protein kinase BMX;SL006374
IBSP;BSP;Bone sialoprotein 2;SL004660
BTK;BTK;Tyrosine-protein kinase BTK;SL010521
CAMK1D;CAMK1D;Calcium/calmodulin-dependent protein kinase type 1D;SL010490
CAMK2D;CAMK2D;Calcium/calmodulin-dependent protein kinase type II subunit delta;SL010493
CA13;Carbonic anhydrase XIII;Carbonic anhydrase 13;SL004869
TNFSF8;CD30 Ligand;Tumor necrosis factor ligand superfamily member 8;SL004635
CDC2 CCNB1;CDK1/cyclin B;Cyclin-dependent kinase 1:G2/mitotic-specific cyclin-B1 complex;SL010494
CMA1;Chymase;Chymase;SL005250
CSNK2A1;CSK21;Casein kinase II subunit alpha;SL007324
EPHA1;EphA1;Ephrin type-A receptor 1;SL004137
EPHA3;EPHA3;Ephrin type-A receptor 3;SL010498
FN1;FN1.3;Fibronectin Fragment 3;SL010349
FN1;FN1.4;Fibronectin Fragment 4;SL010348
FLT3;Flt-3;Receptor-type tyrosine-protein kinase FLT3;SL004636
FSTL3;FSTL3;Follistatin-related protein 3;SL009324
GZMA;granzyme A;Granzyme A;SL004298
GSK3A GSK3B;GSK-3 alpha/beta;Glycogen synthase kinase-3 alpha/beta;SL017188
HIPK3;HIPK3;Homeodomain-interacting protein kinase 3;SL010523
IL15RA;IL-15 Ra;Interleukin-15 receptor subunit alpha;SL004151
IL18R1;IL-18 Ra;Interleukin-18 receptor 1;SL004152
CXCL8;IL-8;Interleukin-8;SL000039
INSR;IR;Insulin receptor;SL004125
SERPINA4;Kallistatin;Kallistatin;SL004876
KLK6;Kallikrein 6;Kallikrein-6;SL001797
LCK;LCK;Tyrosine-protein kinase Lck;SL006916
LYN;LYN;Tyrosine-protein kinase Lyn;SL006917
POSTN;Periostin;Periostin;SL005084
PDGFRB;PDGF Rb;Platelet-derived growth factor receptor beta;SL004155
BCAN;PGCB;Brevican core protein;SL009089
PRKACA;PRKACA;cAMP-dependent protein kinase catalytic subunit alpha;SL010513
RPS6KA3;RPS6KA3;Ribosomal protein S6 kinase alpha-3;SL010515
SELE;sE-Selectin;E-Selectin;SL001945
STK16;STK16;Serine/threonine-protein kinase 16;SL010517
BIRC5;Survivin;Baculoviral IAP repeat-containing protein 5;SL000582
MPL;Thrombopoietin Receptor;Thrombopoietin Receptor;SL005224
THBS1;Thrombospondin-1;Thrombospondin-1;SL002705
NTRK1;TrkA;High affinity nerve growth factor receptor;SL005225
PRSS3;TRY3;Trypsin-3;SL006480
DUSP3;DUS3;Dual specificity protein phosphatase 3;SL008122
XPNPEP1;XPNPEP1;Xaa-Pro aminopeptidase 1;SL011073
AGT;Angiotensinogen;Angiotensinogen;SL000271
B2M;b2-Microglobulin;Beta-2-microglobulin;SL000283
FGF1;b-ECGF;Fibroblast growth factor 1;SL000299
CXCL13;BLC;C-X-C motif chemokine 13;SL003167
CAT;Catalase;Catalase;SL000342
CNTF;CNTF;Ciliary Neurotrophic Factor;SL004331
EPO;Epo;Erythropoietin;SL000408
FGF17;FGF-17;Fibroblast growth factor 17;SL004335
CXCL6;GCP-2;C-X-C motif chemokine 6;SL003172
IFNA2;IFN-aA;Interferon alpha-2;SL002075
IL17A;IL-17;Interleukin-17A;SL001713
IL17B;IL-17B;Interleukin-17B;SL004350
ITGA1 ITGB1;Integrin a1b1;Integrin alpha-I: beta-1 complex;SL003179
HAMP;LEAP-1;Hepcidin;SL004536
LTA LTB;Lymphotoxin a1/b2;Lymphotoxin alpha1:beta2;SL000507
LTA LTB;Lymphotoxin a2/b1;Lymphotoxin alpha2:beta1;SL000508
CCL22;MDC;C-C motif chemokine 22;SL003187
CCL15;MIP-5;C-C motif chemokine 15;SL003190
PRTN3;Proteinase-3;Myeloblastin;SL004008
CXCL12;SDF-1;Stromal cell-derived factor 1;SL004712
CPB2;TAFI;Carboxypeptidase B2;SL004015
CCL17;TARC;C-C motif chemokine 17;SL003196
TGFB3;TGF-b3;Transforming growth factor beta-3;SL000089
CGA TSHB;TSH;Thyroid Stimulating Hormone;SL000589
VIP;Vasoactive Intestinal Peptide;Vasoactive Intestinal Peptide;SL000615
CD40LG;CD40 ligand, soluble;CD40 ligand;SL003862
DKK1;DKK1;Dickkopf-related protein 1;SL004367
DDC;dopa decarboxylase;Aromatic-L-amino-acid decarboxylase;SL009216
ADIPOQ;Adiponectin;Adiponectin;SL004258
SERPINA1;a1-Antitrypsin;Alpha-1-antitrypsin;SL000249
AHSG;a2-HS-Glycoprotein;Alpha-2-HS-glycoprotein;SL000251
ARSA;Arylsulfatase A;Arylsulfatase A;SL005392
BSG;BASI;Basigin;SL009341
BMP10;BMP10;Bone morphogenetic protein 10;SL007056
C1S;C1s;Complement C1s subcomponent;SL000311
CDH6;Cadherin-6;Cadherin-6;SL004865
CAMK1;CAMK1;Calcium/calmodulin-dependent protein kinase type 1;SL010489
CASP3;Caspase-3;Caspase-3;SL003711
CTSE;CATE;Cathepsin E;SL007121
CHIT1;Chitotriosidase-1;Chitotriosidase-1;SL006029
CHL1;CHL1;Neural cell adhesion molecule L1-like protein;SL008936
CLEC7A;CLC7A;C-type lectin domain family 7 member A;SL007640
CNDP1;CNDP1;Beta-Ala-His dipeptidase;SL006694
MASP1;MASP3;Mannan-binding lectin serine protease 1;SL011049
DDR2;Discoidin domain receptor 2;Discoidin domain-containing receptor 2;SL004120
DKK3;DKK3;Dickkopf-related protein 3;SL009412
DPP7;DPP2;Dipeptidyl peptidase 2;SL008916
ECE1;Endothelin-converting enzyme 1;Endothelin-converting enzyme 1;SL004060
EPHB4;EphB4;Ephrin type-B receptor 4;SL004845
FCN1;FCN1;Ficolin-1;SL010462
GNS;GNS;N-acetylglucosamine-6-sulfatase;SL008504
HGFAC;HGFA;Hepatocyte growth factor activator;SL006512
IL22RA1;IL22RA1;Interleukin-22 receptor subunit alpha-1;SL007806
LGMN;LGMN;Legumain;SL008909
LY86;LY86;Lymphocyte antigen 86;SL007059
PRSS27;Marapsin;Serine protease 27;SL011069
MMEL1;MMEL2;Membrane metallo-endopeptidase-like 1;SL010376
MAP2K2;MP2K2;Dual specificity mitogen-activated protein kinase kinase 2;SL010501
CDC42BPB;MRCKB;Serine/threonine-protein kinase MRCK beta;SL006805
CADM3;Nectin-like protein 1;Cell adhesion molecule 3;SL004804
NID2;NID2;Nidogen-2;SL008193
OPCML;OBCAM;Opioid-binding protein/cell adhesion molecule;SL005491
OCIAD1;OCAD1;OCIA domain-containing protein 1;SL010530
OLR1;OLR1;Oxidized low-density lipoprotein receptor 1;SL007327
LRPAP1;RAP;alpha-2-macroglobulin receptor-associated protein;SL005263
RBP4;RBP;Retinol-binding protein 4;SL000566
CD84;SLAF5;SLAM family member 5;SL008588
DKKL1;Soggy-1;Dickkopf-like protein 1;SL010381
TEC;TEC;Tyrosine-protein kinase Tec;SL010518
TLR4 LY96;TLR4:MD-2 complex;Toll-like receptor 4:Lymphocyte antigen 96 complex;SL018625
KDR;VEGF sR2;Vascular endothelial growth factor receptor 2;SL003201
BMPER;BMPER;BMP-binding endothelial regulator protein;SL007531
CDH12;Cadherin-12;Cadherin-12;SL004864
PPP3R1;Calcineurin B a;Calcineurin subunit B type 1;SL004720
COLEC12;COLEC12;Collectin-12;SL007471
CFHR5;complement factor H-related 5;Complement factor H-related protein 5;SL006830
IGF2R;IGF-II receptor;Cation-independent mannose-6-phosphate receptor;SL003679
KLK14;kallikrein 14;Kallikrein-14;SL003919
MSR1;Macrophage scavenger receptor;Macrophage scavenger receptor types I and II;SL004580
MFRP;MFRP;Membrane frizzled-related protein;SL010466
IGHG1 IGHG2 IGHG3 IGHG4 IGK@ IGL@;IgG;Immunoglobulin G;SL000467
ALB;Albumin;Serum albumin;SL000254
A2M;a2-Macroglobulin;Alpha-2-macroglobulin;SL000252
GPT;ALT;Alanine aminotransferase 1;SL000617
PLG;Angiostatin;Angiostatin;SL000268
CKB CKM;CK-MB;Creatine kinase M-type:Creatine kinase B-type heterodimer;SL000382
IFNGR1;IFN-g R1;Interferon gamma receptor 1;SL000458
CDKN1B;p27Kip1;Cyclin-dependent kinase inhibitor 1B;SL000076
TNF;TNF-a;Tumor necrosis factor;SL002517
NPPB;BNP-32;Brain natriuretic peptide 32;SL000306
PTH;PTH;Parathyroid hormone;SL003970
PYY;PYY;Peptide YY;SL011509
SCT;Secretin;Secretin;SL000570
SST;Somatostatin-28;Somatostatin-28;SL011510
TNFRSF4;TNR4;Tumor necrosis factor receptor superfamily member 4;SL011448
BMP6;BMP-6;Bone morphogenetic protein 6;SL003993
CTSH;Cathepsin H;Cathepsin H;SL000346
CSF1;CSF-1;Macrophage colony-stimulating factor 1;SL002684
ITGA2B ITGB3;gpIIbIIIa;Integrin alpha-IIb: beta-3 complex;SL000542
IL5;IL-5;Interleukin-5;SL000481
MMP10;MMP-10;Stromelysin-2;SL000645
PROC;Activated Protein C;Activated Protein C;SL003974
PTGS2;COX-2;Prostaglandin G/H synthase 2;SL000027
STX1A;STX1a;Syntaxin-1A;SL004304
TEK;sTie-2;Angiopoietin-1 receptor, soluble;SL003200
ADAM9;ADAM 9;Disintegrin and metalloproteinase domain-containing protein 9;SL004642
ANGPTL4;ANGL4;Angiopoietin-related protein 4;SL007642
CDH2;Cadherin-2;Cadherin-2;SL000638
CA9;Carbonic anhydrase 9;Carbonic anhydrase 9;SL005508
CA3;Carbonic anhydrase III;Carbonic anhydrase 3;SL004867
CKB;CK-BB;Creatine kinase B-type;SL000377
CST4;Cystatin-S;Cystatin-S;SL007888
CST5;CYTD;Cystatin-D;SL008382
DMP1;DMP1;Dentin matrix acidic phosphoprotein 1;SL007403
ESM1;Endocan;Endothelial cell-specific molecule 1;SL010458
EPHA5;EphA5;Ephrin type-A receptor 5;SL004844
FGF23;FGF23;Fibroblast growth factor 23;SL007651
FGFR2;FGFR-2;Fibroblast growth factor receptor 2;SL003990
FGFR3;FGFR-3;Fibroblast growth factor receptor 3;SL004063
FGR;FGR;Tyrosine-protein kinase Fgr;SL006912
FCN3;Ficolin-3;Ficolin-3;SL002086
FYN;FYN;Tyrosine-protein kinase Fyn;SL006913
IL11RA;IL-11 RA;Interleukin-11 receptor subunit alpha;SL007423
IL12RB2;IL-12 RB2;Interleukin-12 receptor subunit beta-2;SL007620
PRKCQ;KPCT;Protein kinase C theta type;SL007358
MAPKAPK2;MAPK2;MAP kinase-activated protein kinase 2;SL010503
MAPKAPK5;MAPK5;MAP kinase-activated protein kinase 5;SL010504
MAPKAPK3;MAPKAPK3;MAP kinase-activated protein kinase 3;SL004765
MATK;MATK;Megakaryocyte-associated tyrosine-protein kinase;SL010505
MAPK8;MK08;Mitogen-activated protein kinase 8;SL010502
PAK6;PAK6;Serine/threonine-protein kinase PAK 6;SL010509
PDGFC;PDGF-CC;Platelet-derived growth factor C;SL011071
PTEN;pTEN;Phosphatidylinositol 3,4,5-trisphosphate 3-phosphatase and dual-specificity protein phosphatase PTEN;SL003761
PTK6;PTK6;Protein-tyrosine kinase 6;SL010514
RGMA;RGMA;Repulsive guidance molecule A;SL010467
TLR2;TLR2;Toll-like receptor 2;SL004492
UFM1;UFM1;Ubiquitin-fold modifier 1;SL010528
AIP;AIP;AH receptor-interacting protein;SL011629
PPIA;Cyclophilin A;Peptidyl-prolyl cis-trans isomerase A;SL004823
DYNLRB1;DLRB1;Dynein light chain roadblock-type 1;SL011530
ETHE1;ETHE1;Persulfide dioxygenase ETHE1, mitochondrial;SL011532
GAPDH;GAPDH, liver;Glyceraldehyde-3-phosphate dehydrogenase;SL003785
DNAJB1;HSP 40;DnaJ homolog subfamily B member 1;SL000449
MDH1;MDHC;Malate dehydrogenase, cytoplasmic;SL008102
NACA;NACA;Nascent polypeptide-associated complex subunit alpha;SL011631
PRDX1;Peroxiredoxin-1;Peroxiredoxin-1;SL004919
ACP1;PPAC;Low molecular weight phosphotyrosine protein phosphatase;SL008063
PSMA1;PSA1;Proteasome subunit alpha type-1;SL010973
PSMA6;PSA6;Proteasome subunit alpha type-6;SL005630
RPS7;RS7;40S ribosomal protein S7;SL011528
RPS6KA5;RSK-like protein kinase;Ribosomal protein S6 kinase alpha-5;SL006919
SBDS;SBDS;Ribosome maturation protein SBDS;SL011529
SEZ6L2;SE6L2;Seizure 6-like protein 2;SL011630
SGTA;SGTA;Small glutamine-rich tetratricopeptide repeat-containing protein alpha;SL011533
TPT1;TCTP;Translationally-controlled tumor protein;SL005679
TPO;TMA;Thyroid peroxidase;SL000588
UBE2L3;UB2L3;Ubiquitin-conjugating enzyme E2 L3;SL008157
ARID3A;ARI3A;AT-rich interactive domain-containing protein 3A;SL011549
ASGR1;ASGR1;Asialoglycoprotein receptor 1;SL008835
CAMKK1;CaMKK alpha;Calcium/calmodulin-dependent protein kinase kinase 1;SL004938
CDC37;CDC37;Hsp90 co-chaperone Cdc37;SL011232
DYNLL1;DLC8;Dynein light chain 1, cytoplasmic;SL003753
EEF1B2;EF-1-beta;Elongation factor 1-beta;SL005685
EIF5A;eIF-5A-1;Eukaryotic translation initiation factor 5A-1;SL005687
HINT1;HINT1;Histidine triad nucleotide-binding protein 1;SL009431
KPNB1;IMB1;Importin subunit beta-1;SL010927
ING1;ING1;Inhibitor of growth protein 1;SL009628
LMNB1;Lamin-B1;Lamin-B1;SL006132
LDHB;LDH-H 1;L-lactate dehydrogenase B chain;SL000493
MBD4;MBD4;Methyl-CpG-binding domain protein 4;SL009629
MED1;MED-1;Mediator of RNA polymerase II transcription subunit 1;SL010328
MSLN;Mesothelin;Mesothelin;SL001905
NAGK;NAGK;N-acetyl-D-glucosamine kinase;SL005629
PGAM1;Phosphoglycerate mutase 1;Phosphoglycerate mutase 1;SL004820
PDXP;PLPP;Pyridoxal phosphate phosphatase;SL011709
PSMD7;PSD7;26S proteasome non-ATPase regulatory subunit 7;SL007266
SKP1;SKP1;S-phase kinase-associated protein 1;SL008808
SNX4;Sorting nexin 4;Sorting nexin-4;SL005372
UBE2N;UBE2N;Ubiquitin-conjugating enzyme E2 N;SL008143
DDR1;discoidin domain receptor 1;Epithelial discoidin domain-containing receptor 1;SL004119
FGF4;FGF-4;Fibroblast growth factor 4;SL003171
HSPA1A;HSP 70;Heat shock 70 kDa protein 1A/1B;SL000451
AGER;sRAGE;Advanced glycosylation end product-specific receptor, soluble;SL003680
BPI;BPI;Bactericidal permeability-increasing protein;SL004511
C6;C6;Complement component C6;SL000322
CCL24;Eotaxin-2;C-C motif chemokine 24;SL003104
CFB;Factor B;Complement factor B;SL000414
FGF6;FGF-6;Fibroblast growth factor 6;SL004340
FN1;Fibronectin;Fibronectin;SL000426
FST;FST;Follistatin;SL000674
GZMB;Granzyme B;Granzyme B;SL004068
HBEGF;HB-EGF;Heparin-binding EGF-like growth factor;SL000138
IGHE IGK@ IGL@;IgE;Immunoglobulin E;SL000461
IL17D;IL-17D;Interleukin-17D;SL004353
IL25;IL-17E;Interleukin-25;SL004351
IL20;IL-20;Interleukin-20;SL004346
IL6R;IL-6 sRa;Interleukin-6 receptor subunit alpha;SL001943
IL7;IL-7;Interleukin-7;SL000483
CXCL10;IP-10;C-X-C motif chemokine 10;SL003183
XCL1;Lymphotactin;Lymphotactin;SL003186
CCL13;MCP-4;C-C motif chemokine 13;SL000517
NTF3;Neurotrophin-3;Neurotrophin-3;SL004359
NTF4;Neurotrophin-5;Neurotrophin-4;SL004360
PAPPA;PAPP-A;Pappalysin-1;SL002755
PDGFB;PDGF-BB;Platelet-derived growth factor subunit B;SL000537
PLG;Plasmin;Plasmin;SL000540
PLG;Plasminogen;Plasminogen;SL000541
KLKB1;Prekallikrein;Plasma kallikrein;SL000545
SERPINA3;alpha-1-antichymotrypsin complex;alpha-1-antichymotrypsin complex;SL018548
SELP;P-Selectin;P-Selectin;SL000560
TNC;Tenascin;Tenascin;SL003198
TGFB2;TGF-b2;Transforming growth factor beta-2;SL000088
F2;Thrombin;Thrombin;SL000586
PLAU;uPA;Urokinase-type plasminogen activator;SL000613
CFH;Factor H;Complement factor H;SL000415
MMP2;MMP-2;72 kDa type IV collagenase;SL000124
TF;Transferrin;Serotransferrin;SL000601
H2AFZ;Histone H2A.z;Histone H2A.z;SL002093
TG;Thyroglobulin;Thyroglobulin;SL000587
YWHAB,YWHAE,YWHAG,YWHAH,YWHAQ,YWHAZ,SFN;14-3-3;14-3-3 protein family;SL017611
EIF4EBP2;4EBP2;Eukaryotic translation initiation factor 4E-binding protein 2;SL008378
PGD;6-Phosphogluconate dehydrogenase;6-phosphogluconate dehydrogenase, decarboxylating;SL000247
AKR7A2;Aflatoxin B1 aldehyde reductase;Aflatoxin B1 aldehyde reductase member 2;SL003658
AKR1A1;AK1A1;Alcohol dehydrogenase [NADP(+)];SL008039
ANP32B;AN32B;Acidic leucine-rich nuclear phosphoprotein 32 family member B;SL011769
CFL1;Cofilin-1;Cofilin-1;SL004920
VTA1;DRG-1;Vacuolar protein sorting-associated protein VTA1 homolog;SL004757
DCTN2;Dynactin subunit 2;Dynactin subunit 2;SL009207
EPS15L1;EP15R;Epidermal growth factor receptor substrate 15-like 1;SL012188
HSD17B10;ERAB;3-hydroxyacyl-CoA dehydrogenase type-2;SL004795
FER;FER;Tyrosine-protein kinase Fer;SL005588
SYNCRIP;HNRPQ;Heterogeneous nuclear ribonucleoprotein Q;SL007022
HSPA8;HSP70 protein 8;Heat shock cognate 71 kDa protein;SL004899
EIF4G2;IF4G2;Eukaryotic translation initiation factor 4 gamma 2;SL011211
IGF1R;IGF-I sR;Insulin-like growth factor 1 receptor;SL003304
IL1RL1;IL-1 R4;Interleukin-1 receptor-like 1;SL004146
LCMT1;LCMT1;Leucine carboxyl methyltransferase 1;SL011770
LIN7B;LIN7B;Protein lin-7 homolog B;SL012168
PKM2;M2-PK;Pyruvate kinase PKM;SL002650
MDM2;MDM2;E3 ubiquitin-protein ligase Mdm2;SL001999
L1CAM;NCAM-L1;Neural cell adhesion molecule L1;SL004154
NME2;NDP kinase B;Nucleoside diphosphate kinase B;SL004921
NSFL1C;NSF1C;NSFL1 cofactor p47;SL006268
NME1;Nucleoside diphosphate kinase A;Nucleoside diphosphate kinase A;SL003687
NUDCD3;NUDC3;NudC domain-containing protein 3;SL011768
PA2G4;PA2G4;Proliferation-associated protein 2G4;SL008331
PON1;paraoxonase 1;Serum paraoxonase/arylesterase 1;SL005493
PES1;PESC;Pescadillo homolog;SL011772
PFDN5;PFD5;Prefoldin subunit 5;SL006705
GPI;PHI;Glucose-6-phosphate isomerase;SL000539
PEBP1;prostatic binding protein;Phosphatidylethanolamine-binding protein 1;SL005358
P4HB;Protein disulfide-isomerase;Protein disulfide-isomerase;SL004901
PSMA2;PSA2;Proteasome subunit alpha type-2;SL008865
RAN;RAN;GTP-binding nuclear protein Ran;SL005034
RBM39;RBM39;RNA-binding protein 39;SL011535
NAPA;SNAA;Alpha-soluble NSF attachment protein;SL011202
SPHK1;Sphingosine kinase 1;Sphingosine kinase 1;SL006088
SPON1;Spondin-1;Spondin-1;SL005115
TK1;Thymidine kinase;Thymidine kinase, cytosolic;SL000057
LCORL;transcription factor MLR1, isoform CRA_b;Ligand-dependent nuclear receptor corepressor-like protein;SL006698
TKT;Transketolase;Transketolase;SL003655
TPI1;Triosephosphate isomerase;Triosephosphate isomerase;SL004812
DCTPP1;XTP3A;dCTP pyrophosphatase 1;SL011809
PTPN6;PTP-1C;Tyrosine-protein phosphatase non-receptor type 6;SL004940
AMN;AMNLS;Protein amnionless;SL013489
CST2;CYTT;Cystatin-SA;SL008516
BOC;BOC;Brother of CDO;SL013490
KLK3;PSA;Prostate-specific antigen;SL000062
CLEC1B;CLC1B;C-type lectin domain family 1 member B;SL013488
SAA1;SAA;Serum amyloid A-1 protein;SL000572
CRP;CRP;C-reactive protein;SL000051
ICAM1;sICAM-1;Intercellular adhesion molecule 1;SL002922
DAPK2;DAPK2;Death-associated protein kinase 2;SL007752
DYRK3;DYRK3;Dual specificity tyrosine-phosphorylation-regulated kinase 3;SL013570
NGF;b-NGF;beta-nerve growth factor;SL000305
INHBA INHBB;Activin AB;Inhibin beta A chain:Inhibin beta B chain heterodimer;SL004837
DHH;DHH;Desert hedgehog protein N-product;SL007003
FGF12;FGF-12;Fibroblast growth factor 12;SL005161
FGF16;FGF-16;Fibroblast growth factor 16;SL004334
FGF8;FGF-8A;Fibroblast growth factor 8 isoform A;SL014308
IFNL1;IFN-lambda 1;Interferon lambda-1;SL004348
IFNL2;IFN-lambda 2;Interferon lambda-2;SL004349
MST1;MSP;Hepatocyte growth factor-like protein;SL005202
SLPI;SLPI;Antileukoproteinase;SL001888
SFTPD;SP-D;Pulmonary surfactant-associated protein D;SL004484
ADAM12;ADAM12;Disintegrin and metalloproteinase domain-containing protein 12;SL009988
BCL2L1;BCL2-like 1 protein;Bcl-2-like protein 1;SL003674
CHST2;CHST2;Carbohydrate sulfotransferase 2;SL013988
CHST6;CHST6;Carbohydrate sulfotransferase 6;SL014130
COLEC11;Collectin Kidney 1;Collectin-11;SL006713
ENPP7;ENPP7;Ectonucleotide pyrophosphatase/phosphodiesterase family member 7;SL009045
ENTPD3;ENTP3;Ectonucleoside triphosphate diphosphohydrolase 3;SL014093
ENTPD5;ENTP5;Ectonucleoside triphosphate diphosphohydrolase 5;SL014028
FCRL3;FCRL3;Fc receptor-like protein 3;SL014088
GREM1;GREM1;Gremlin-1;SL007024
HNRNPAB;hnRNP A/B;Heterogeneous nuclear ribonucleoprotein A/B;SL009791
LRRTM1;LRRT1;Leucine-rich repeat transmembrane neuronal protein 1;SL014096
LRRTM3;LRRT3;Leucine-rich repeat transmembrane neuronal protein 3;SL014108
MFGE8;MFGM;Lactadherin;SL006523
PCSK7;PCSK7;Proprotein convertase subtilisin/kexin type 7;SL014069
PDPK1;PDPK1;3-phosphoinositide-dependent protein kinase 1;SL006998
RASA1;RASA1;Ras GTPase-activating protein 1;SL013754
SIGLEC1;Sialoadhesin;Sialoadhesin;SL001753
SPARCL1;SPARCL1;SPARC-like protein 1;SL005488
SPHK2;SPHK2;Sphingosine kinase 2;SL014029
CHST15;ST4S6;Carbohydrate sulfotransferase 15;SL007502
TGM3;TGM3;Protein-glutamine gamma-glutamyltransferase E;SL008945
TPM2;Tropomyosin 2;Tropomyosin beta chain;SL004908
RPS27A;Ubiquitin;Ubiquitin;SL004070
ZAP70;ZAP70;Tyrosine-protein kinase ZAP-70;SL010519
SERPING1;C1-Esterase Inhibitor;Plasma protease C1 inhibitor;SL000308
C3;C3b;Complement C3b;SL000314
C4A C4B;C4;Complement C4;SL000316
C5 C6;C5b, 6 Complex;Complement C5b-C6 complex;SL000321
FGF7;FGF7;Fibroblast growth factor 7;SL001691
IL3RA;IL-3 Ra;Interleukin-3 receptor subunit alpha;SL005187
IL5RA;IL-5 Ra;Interleukin-5 receptor subunit alpha;SL005188
IL11;IL-11;Interleukin-11;SL000470
IL12B IL23A;IL-23;Interleukin-23;SL005184
KNG1;Kininogen, HMW;Kininogen-1;SL017189
MMP12;MMP-12;Macrophage metalloelastase;SL000522
NCAM1;NCAM-120;Neural cell adhesion molecule 1, 120 kDa isoform;SL003764
PDGFA;PDGF-AA;Platelet-derived growth factor subunit A;SL000535
CLEC11A;SCGF-alpha;Stem Cell Growth Factor-alpha;SL004363
ADAMTS15;ATS15;A disintegrin and metalloproteinase with thrombospondin motifs 15;SL012740
PRSS22;BSSP4;Brain-specific serine protease 4;SL012822
BST1;BST1;ADP-ribosyl cyclase/cyclic ADP-ribose hydrolase 2;SL008644
CBX5;CBX5;Chromobox protein homolog 5;SL009768
CDON;CDON;Cell adhesion molecule-related/down-regulated by oncogenes;SL014092
CLU;Clusterin;Clusterin;SL001896
COL23A1;CONA1;Collagen alpha-1(XXIII) chain;SL014048
PPBP;CTAP-III;Connective tissue-activating peptide III;SL004708
DNAJC19;DnaJ homolog;Mitochondrial import inner membrane translocase subunit TIM14;SL006197
EMR2;EMR2;EGF-like module-containing mucin-like hormone receptor-like 2;SL008822
FLRT1;FLRT1;Leucine-rich repeat transmembrane protein FLRT1;SL014071
FUT3;Fucosyltransferase 3;Galactoside 3(4)-L-fucosyltransferase;SL005575
FUT5;FUT5;Alpha-(1,3)-fucosyltransferase 5;SL014008
GPR114;GP114;Probable G-protein coupled receptor 114;SL014094
HS6ST1;H6ST1;Heparan-sulfate 6-O-sulfotransferase 1;SL014129
HDGFRP2;HDGR2;Hepatoma-derived growth factor-related protein 2;SL014009
IL34;IL-34;Interleukin-34;SL013548
KIRREL3;KIRR3;Kin of IRRE-like protein 3;SL014111
KYNU;KYNU;Kynureninase;SL013969
BIRC7;Livin B;Baculoviral IAP repeat-containing protein 7 Isoform beta;SL004299
NXPH1;NXPH1;Neurexophilin-1;SL012457
PLCG1;PLCG1;1-phosphatidylinositol 4,5-bisphosphate phosphodiesterase gamma-1;SL012108
PLXNC1;PLXC1;Plexin-C1;SL006406
RSPO2;RSPO2;R-spondin-2;SL013989
SH2D1A;SH21A;SH2 domain-containing protein 1A;SL014468
SLITRK5;SLIK5;SLIT and NTRK-like protein 5;SL014070
SORCS2;SORC2;VPS10 domain-containing receptor SorCS2;SL014091
PPY;PH;Pancreatic hormone;SL011499
ADCYAP1;PACAP-27;Pituitary adenylate cyclase-activating polypeptide 27;SL011508
ADCYAP1;PACAP-38;Pituitary adenylate cyclase-activating polypeptide 38;SL011498
IL6;IL-6;Interleukin-6;SL000087
HIBADH;3HIDH;3-hydroxyisobutyrate dehydrogenase, mitochondrial;SL008085
FABP3;FABP;Fatty acid-binding protein, heart;SL001774
CSF2;GM-CSF;Granulocyte-macrophage colony-stimulating factor;SL001726
LTA;TNF-b;Lymphotoxin-alpha;SL000597
EPB41;41;Protein 4.1;SL010830
HSD17B1;17-beta-HSD 1;Estradiol 17-beta-dehydrogenase 1;SL004253
APOD;Apo D;Apolipoprotein D;SL005361
IL3;IL-3;Interleukin-3;SL000479
PPIB;PPIB;Peptidyl-prolyl cis-trans isomerase B;SL007869
PDIA3;Protein disulfide isomerase A3;Protein disulfide-isomerase A3;SL003524
TFF3;TFF3;Trefoil factor 3;SL006119
AFM;Afamin;Afamin;SL004742
OLFM4;Olfactomedin-4;Olfactomedin-4;SL008590
SMPDL3A;ASM3A;Acid sphingomyelinase-like phosphodiesterase 3a;SL012754
FAM107B;FAM107B;Protein FAM107B;SL016129
GSN;Gelsolin;Gelsolin;SL005572
SERPINA6;CBG;Corticosteroid-binding globulin;SL000347
CMPK1;Cytidylate kinase;UMP-CMP kinase;SL007871
Human-virus;C34 gp41 HIV Fragment;gp41 C34 peptide, HIV;SL016148
LPO;PERL;Lactoperoxidase;SL007153
COL8A1;CO8A1;Collagen alpha-1(VIII) chain;SL008072
ITIH4;ITI heavy chain H4;Inter-alpha-trypsin inhibitor heavy chain H4;SL004739
TXNDC12;TXD12;Thioredoxin domain-containing protein 12;SL016128
SFN;STRATIFIN;14-3-3 protein sigma;SL001737
SELL;sL-Selectin;L-Selectin;SL002823
TNFRSF10A;TRAIL R1;Tumor necrosis factor receptor superfamily member 10A;SL004156
EPHA2;Epithelial cell kinase;Ephrin type-A receptor 2;SL002654
CSF3;G-CSF;Granulocyte colony-stimulating factor;SL001729
GPC3;Glypican 3;Glypican-3;SL000070
IL1A;IL-1a;Interleukin-1 alpha;SL000125
BMPR1A;BMPR1A;Bone morphogenetic protein receptor type-1A;SL004080
BMPR2;BMP RII;Bone morphogenetic protein receptor type-2;SL004133
NTRK2;TrkB;BDNF/NT-3 growth factors receptor;SL004160
VEGFA;VEGF121;Vascular endothelial growth factor A, isoform 121;SL003310
ANG;Angiogenin;Angiogenin;SL000003
C3;C3d;Complement C3d fragment;SL003362
F9;Coagulation Factor IX;Coagulation factor IX;SL000357
F10;Coagulation Factor X;Coagulation Factor X;SL000360
GDF2;GDF2;Growth/differentiation factor 2;SL007756
INS;Insulin;Insulin;SL000021
CCL7;MCP-3;C-C motif chemokine 7;SL000516
WNT7A;WNT7A;Protein Wnt-7a;SL009951
POMC;ACTH;Corticotropin;SL003461
GCG;Glucagon;Glucagon;SL000433
C3;C3a;C3a anaphylatoxin;SL000313
PPP3CA PPP3R1;Calcineurin;Calcineurin;SL003657
CASP2;Caspase-2;Caspase-2;SL003710
COTL1;Coactosin-like protein;Coactosin-like protein;SL004814
F5;Coagulation Factor V;Coagulation Factor V;SL000622
FGA FGB FGG;D-dimer;D-dimer;SL000022
ENG;Endoglin;Endoglin;SL004482
LGALS8;Galectin-8;Galectin-8;SL005167
PLA2G1B;GIB;Phospholipase A2;SL004064
GSTP1;Glutathione S-transferase Pi;Glutathione S-transferase P;SL003643
GOT1;GOT1;Aspartate aminotransferase, cytoplasmic;SL000280
CCL16;HCC-4;C-C motif chemokine 16;SL003300
CGA CGB;HCG;Human Chorionic Gonadotropin;SL001766
HBA1 HBB;Hemoglobin;Hemoglobin;SL000836
IGHD  IGK@ IGL@;IgD;Immunoglobulin D;SL000460
ITGAV ITGB5;Integrin aVb5;Integrin alpha-V: beta-5 complex;SL003182
LIFR;LIF sR;Leukemia inhibitory factor receptor;SL004714
LYZ;Lysozyme;Lysozyme C;SL000510
CCL19;MIP-3b;C-C motif chemokine 19;SL003189
AMH;MIS;Muellerian-inhibiting factor;SL005201
MMP1;MMP-1;Interstitial collagenase;SL000521
MMP13;MMP-13;Collagenase 3;SL000523
SHBG;SHBG;Sex hormone-binding globulin;SL005102
STC1;Stanniocalcin-1;Stanniocalcin-1;SL005789
F3;TF;Tissue Factor;SL000024
EREG;EPI;Epiregulin;SL000139
RPSA;40S ribosomal protein SA;40S ribosomal protein SA;SL004605
AGR2;AGR2;Anterior gradient protein 2 homolog;SL004925
ANXA1;annexin I;Annexin A1;SL004208
ANXA2;annexin II;Annexin A2;SL004209
CDNF;ARMEL;Cerebral dopamine neurotrophic factor;SL012538
ARPP19;ARP19;cAMP-regulated phosphoprotein 19;SL011708
ERAP1;ARTS1;Endoplasmic reticulum aminopeptidase 1;SL007729
ATP5B;ATP synthase beta chain;ATP synthase subunit beta, mitochondrial;SL005675
C1QBP;C1QBP;Complement component 1 Q subcomponent-binding protein, mitochondrial;SL008177
CAPG;CAPG;Macrophage-capping protein;SL008099
CA1;Carbonic anhydrase I;Carbonic anhydrase 1;SL004866
CA2;carbonic anhydrase II;Carbonic anhydrase 2;SL000339
CTSZ;CATZ;Cathepsin Z;SL008380
BIRC3;cIAP-2;Baculoviral IAP repeat-containing protein 3;SL003728
CRK;CRK;Adapter molecule crk;SL013240
DBNL;DBNL;Drebrin-like protein;SL011628
DPT;DERM;Dermatopontin;SL008178
DSC3;DSC3;Desmocollin-3;SL008709
PI3;Elafin;Elafin;SL004458
ERP29;ERP29;Endoplasmic reticulum resident protein 29;SL003522
ESD;Esterase D;S-formylglutathione hydrolase;SL006378
FABP5;FABPE;Fatty acid-binding protein, epidermal;SL005352
PTK2;FAK1;Focal adhesion kinase 1;SL012248
FCAR;FCAR;Immunoglobulin alpha Fc receptor;SL010373
FGFR4;FGFR4;Fibroblast growth factor receptor 4;SL002036
FGG;Fibrinogen g-chain dimer;Fibrinogen gamma chain;SL003341
GP1BA;GP1BA;Platelet glycoprotein Ib alpha chain;SL006460
GPC5;GPC5;Glypican-5;SL012469
GRN;GRN;Granulins;SL007173
GSTA3;GSTA3;Glutathione S-transferase A3;SL000670
HNRNPK;hnRNP K;Heterogeneous nuclear ribonucleoprotein K;SL002756
HPGD;HPG-;15-hydroxyprostaglandin dehydrogenase [NAD(+)];SL003930
HRG;HRG;Histidine-rich glycoprotein;SL006448
EIF4A3;IF4A3;Eukaryotic initiation factor 4A-III;SL011616
JAK2;JAK2;Tyrosine-protein kinase JAK2;SL007025
LGALS3BP;LG3BP;Galectin-3-binding protein;SL006522
SCGB2A1;Mammaglobin 2;Mammaglobin-B;SL001973
MMP14;MMP-14;Matrix metalloproteinase-14;SL002646
MAPK11;MK11;Mitogen-activated protein kinase 11;SL007453
MAPK12;MK12;Mitogen-activated protein kinase 12;SL007281
MAPK13;MK13;Mitogen-activated protein kinase 13;SL006993
MAPK14;MAPK14;Mitogen-activated protein kinase 14;SL006920
SOD2;Mn SOD;Superoxide dismutase [Mn], mitochondrial;SL001815
MSN;Moesin;Moesin;SL005846
NAMPT;PBEF;Nicotinamide phosphoribosyltransferase;SL003685
AK1;Myokinase, human;Adenylate kinase isoenzyme 1;SL004296
CLIC1;NCC27;Chloride intracellular channel protein 1;SL004915
NCK1;NCK1;Cytoplasmic protein NCK1;SL006091
PLA2G7;PAFAH;Platelet-activating factor acetylhydrolase;SL003440
PARK7;PARK7;Protein DJ-1;SL008933
PRDX5;Peroxiredoxin-5;Peroxiredoxin-5, mitochondrial;SL004932
PRDX6;Peroxiredoxin-6;Peroxiredoxin-6;SL005694
UCHL1;PGP9.5;Ubiquitin carboxyl-terminal hydrolase isozyme L1;SL002803
PGK1;phosphoglycerate kinase 1;Phosphoglycerate kinase 1;SL003653
PPA1;PPase;Inorganic pyrophosphatase;SL004914
PSME1;PSME1;Proteasome activator complex subunit 1;SL008176
ADSL;PUR8;Adenylosuccinate lyase;SL009792
RB1;Rb;Retinoblastoma-associated protein;SL002522
RPS3;RS3;40S ribosomal protein S3;SL008059
CD163;sCD163;Scavenger receptor cysteine-rich type 1 protein M130;SL005764
FAP;SEPR;Seprase;SL006528
SIRT2;SIRT2;NAD-dependent protein deacetylase sirtuin-2;SL006629
SPTAN1;SPTA2;Spectrin alpha chain, non-erythrocytic 1;SL008190
SSRP1;SSRP1;FACT complex subunit SSRP1;SL009868
TPM1;Tropomyosin 1 alpha chain;Tropomyosin alpha-1 chain;SL004737
PRSS2;Trypsin 2;Trypsin-2;SL010388
TYMS;TS;Thymidylate synthase;SL000142
TNFAIP6;TSG-6;Tumor necrosis factor-inducible gene 6 protein;SL004782
AMHR2;AMHR2;Anti-Muellerian hormone type-2 receptor;SL007464
CD274;B7-H1;Programmed cell death 1 ligand 1;SL004852
ICOSLG;B7-H2;ICOS ligand;SL004853
CD226;CD226;CD226 antigen;SL011100
CD300C;CLM6;CMRF35-like molecule 6;SL014270
CRTAM;CRTAM;Cytotoxic and regulatory T-cell molecule;SL014208
CD55;DAF;Complement decay-accelerating factor;SL004556
TNFRSF6B;DcR3;Tumor necrosis factor receptor superfamily member 6B;SL003739
DSG2;Desmoglein-2;Desmoglein-2;SL004857
TNFRSF25;DR3;Tumor necrosis factor receptor superfamily member 25;SL004791
EPHA10;EPHAA;Ephrin type-A receptor 10;SL014294
EPHB2;EPHB2;Ephrin type-B receptor 2;SL007179
EPHB6;EphB6;Ephrin type-B receptor 6;SL008414
TNFRSF18;GITR;Tumor necrosis factor receptor superfamily member 18;SL004859
GPNMB;GPNMB;Transmembrane glycoprotein NMB;SL007429
IL1RAPL2;IL-1 sR9;X-linked interleukin-1 receptor accessory protein-like 2;SL004849
IL17RB;IL-17B R;interleukin-17 receptor B;SL005174
IL20RA;IL-20 Ra;Interleukin-20 receptor subunit alpha;SL005181
IL22RA2;IL-22BP;Interleukin-22 receptor subunit alpha-2;SL005183
IL23R;IL-23 R;Interleukin-23 receptor;SL005185
IL7R;IL-7 Ra;Interleukin-7 receptor subunit alpha;SL005189
LILRB1;ILT-2;Leukocyte immunoglobulin-like receptor subfamily B member 1;SL005190
LILRB2;ILT-4;Leukocyte immunoglobulin-like receptor subfamily B member 2;SL005191
JAG1;JAG1;Protein jagged-1;SL007328
JAG2;JAG2;Protein jagged-2;SL007774
AMICA1;JAML1;Junctional adhesion molecule-like;SL009202
KIR2DL4;KI2L4;Killer cell immunoglobulin-like receptor 2DL4;SL012698
KIR3DL2;KI3L2;Killer cell immunoglobulin-like receptor 3DL2;SL014269
KIR3DS1;KI3S1;Killer cell immunoglobulin-like receptor 3DS1;SL014289
KLRF1;KLRF1;Killer cell lectin-like receptor subfamily F member 1;SL014209
LAG3;LAG-3;Lymphocyte activation gene 3 protein;SL005195
SCARB2;LIMP II;Lysosome membrane protein 2;SL005197
MICB;MICB;MHC class I polypeptide-related sequence B;SL005200
CD200R1;MO2R1;Cell surface glycoprotein CD200 receptor 1;SL014288
NCR1;NKp46;Natural cytotoxicity triggering receptor 1;SL005207
RTN4R;Nogo Receptor;Reticulon-4 receptor;SL005208
NOTCH2;NOTC2;Neurogenic locus notch homolog protein 2;SL007356
NOTCH1;Notch 1;Neurogenic locus notch homolog protein 1;SL005703
NOTCH3;Notch-3;Neurogenic locus notch homolog protein 3;SL005209
NRCAM;Nr-CAM;Neuronal cell adhesion molecule;SL005210
NRXN1;NRX1B;Neurexin-1-beta;SL009054
NRXN3;NRX3B;Neurexin-3-beta;SL008728
CD200;OX2G;OX-2 membrane glycoprotein;SL014268
PRLR;Prolactin Receptor;Prolactin receptor;SL005212
RELT;RELT;Tumor necrosis factor receptor superfamily member 19L;SL005213
ROBO2;ROBO2;Roundabout homolog 2;SL007680
ROBO3;ROBO3;Roundabout homolog 3;SL014148
RTN4;RTN4;Reticulon-4;SL008309
SEMA6A;Semaphorin-6A;Semaphorin-6A;SL005214
ICAM5;sICAM-5;Intercellular adhesion molecule 5;SL005169
SIGLEC14;SIG14;Sialic acid-binding Ig-like lectin 14;SL014292
SLAMF6;SLAF6;SLAM family member 6;SL014228
SCARF1;SREC-I;Scavenger receptor class F member 1;SL005221
SCARF2;SREC-II;Scavenger receptor class F member 2;SL005222
TNFRSF19;TAJ;Tumor necrosis factor receptor superfamily member 19;SL004863
IL27RA;TCCR;Interleukin-27 receptor subunit alpha;SL005223
TGFBR2;TGF-b R II;TGF-beta receptor type-2;SL002078
HAVCR2;TIMD3;Hepatitis A virus cellular receptor 2;SL007547
TNFRSF12A;TWEAKR;Tumor necrosis factor receptor superfamily member 12A;SL004366
UNC5C;UNC5H3;Netrin receptor UNC5C;SL005230
UNC5D;UNC5H4;Netrin receptor UNC5D;SL005231
PDE7A;PDE7A;High affinity cAMP-specific 3',5'-cyclic phosphodiesterase 7A;SL011406
PRKAA1 PRKAB1  PRKAG1;AMPK a1b1g1;AMP Kinase (alpha1beta1gamma1);SL016548
KRAS;K-ras;GTPase KRas;SL002542
NMT1;NMT1;Glycylpeptide N-tetradecanoyltransferase 1;SL006476
PDE9A;PDE9A;High affinity cGMP-specific 3',5'-cyclic phosphodiesterase 9A;SL016554
PPID;PPID;Peptidyl-prolyl cis-trans isomerase D;SL007373
PSME3;PSME3;Proteasome activator complex subunit 3;SL005308
GCKR;GCKR;Glucokinase regulatory protein;SL015728
CSNK2A1 CSNK2B;CK2-A1:B;Casein kinase II 2-alpha:2-beta heterotetramer;SL016550
CSNK2A2 CSNK2B;CK2-A2:B;Casein kinase II 2-alpha':2-beta heterotetramer;SL016551
PDK1;PDK1;[Pyruvate dehydrogenase (acetyl-transferring)] kinase isozyme 1, mitochondrial;SL006921
KIF23;KIF23;Kinesin-like protein KIF23;SL006189
IMPDH1;IMDH1;Inosine-5'-monophosphate dehydrogenase 1;SL014735
HMGCR;HMGR;3-hydroxy-3-methylglutaryl-coenzyme A reductase;SL016557
PCSK9;PCSK9;Proprotein convertase subtilisin/kexin type 9;SL012707
NR1D1;NR1D1;Nuclear receptor subfamily 1 group D member 1;SL007145
PPIE;PPIE;Peptidyl-prolyl cis-trans isomerase E;SL013928
MAP2K4;MP2K4;Dual specificity mitogen-activated protein kinase kinase 4;SL007237
MAPK9;JNK2;Mitogen-activated protein kinase 9;SL004716
PRKAA2 PRKAB2 PRKAG1;AMPK a2b2g1;AMP Kinase (alpha2beta2gamma1);SL016549
PDE2A;cGMP-stimulated PDE;cGMP-dependent 3',5'-cyclic phosphodiesterase;SL005730
PPIF;Cyclophilin F;Peptidyl-prolyl cis-trans isomerase F, mitochondrial;SL005793
STK17B;DRAK2;Serine/threonine-protein kinase 17B;SL016566
IMPDH2;IMDH2;Inosine-5'-monophosphate dehydrogenase 2;SL010928
PDE11A;PDE11;Dual 3',5'-cyclic-AMP and -GMP phosphodiesterase 11A;SL016555
PDE3A;PDE3A;cGMP-inhibited 3',5'-cyclic phosphodiesterase A;SL016553
PDE4D;PDE4D;cAMP-specific 3',5'-cyclic phosphodiesterase 4D;SL011404
PDE5A;PDE5A;cGMP-specific 3',5'-cyclic phosphodiesterase;SL011405
MAP3K7 TAB1;TAK1-TAB1;Mitogen-activated protein kinase kinase kinase 7:TGF-beta-activated kinase 1 and MAP3K7-binding protein 1 fusion;SL016567
TYK2;TYK2;Non-receptor tyrosine-protein kinase TYK2;SL007181
ABL2;ABL2;Abelson tyrosine-protein kinase 2;SL010488
BCAR3;BCAR3;Breast cancer anti-estrogen resistance protein 3;SL014470
CALR;calreticulin;Calreticulin;SL003520
GRAP2;GRB2-related adapter protein 2;GRB2-related adapter protein 2;SL005725
MMP16;MMP-16;Matrix metalloproteinase-16;SL003331
SHC1;SHC1;SHC-transforming protein 1;SL014469
SLC25A18;GHC2;Mitochondrial glutamate carrier 2;SL016563
CCL11;Eotaxin;Eotaxin;SL000406
F9;Coagulation Factor IXab;Coagulation factor IXab;SL004400
ELANE;Elastase;Neutrophil elastase;SL000401
APOE;Apo E2;Apolipoprotein E (isoform E2);SL000277
F2;Prothrombin;Prothrombin;SL000558
CD70;CD70;CD70 antigen;SL007195
ANXA6;annexin VI;Annexin A6;SL003647
CD86;B7-2;T-lymphocyte activation antigen CD86;SL004131
S100A9;calgranulin B;Protein S100-A9;SL004477
CASP10;Caspase-10;Caspase-10;SL003717
CPE;CBPE;Carboxypeptidase E;SL008703
CKAP2;CKAP2;Cytoskeleton-associated protein 2;SL006675
CPNE1;CPNE1;Copine-1;SL011808
CCNB1;Cyclin B1;G2/mitotic-specific cyclin-B1;SL000130
DLL1;DLL1;Delta-like protein 1;SL006970
HNRNPA2B1;hnRNP A2/B1;Heterogeneous nuclear ribonucleoproteins A2/B1;SL004891
TNFRSF14;HVEM;Tumor necrosis factor receptor superfamily member 14;SL004145
KRT18;Keratin 18;Keratin, type I cytoskeletal 18;SL000655
TNFSF14;LIGHT;Tumor necrosis factor ligand superfamily member 14;SL004648
MIF;MIF;Macrophage migration inhibitory factor;SL003080
NLGN4X;NLGNX;Neuroligin-4, X-linked;SL014113
OMD;OMD;Osteomodulin;SL008574
PIM1;PIM1;Serine/threonine-protein kinase pim-1;SL002702
SEMA3E;Semaphorin 3E;Semaphorin-3E;SL010470
SET;SET;Protein SET;SL007336
TNFRSF13C;BAFF Receptor;Tumor necrosis factor receptor superfamily member 13C;SL004671
BRF1;BRF-1;Transcription factor IIIB 90 kDa subunit;SL016130
LEPR;sLeptin R;Leptin receptor;SL003184
TNFRSF21;DR6;Tumor necrosis factor receptor superfamily member 21;SL004871
CDH15;CAD15;Cadherin-15;SL007295
CD27;CD27;CD27 antigen;SL004134
TNFRSF11A;RANK;Tumor necrosis factor receptor superfamily member 11A;SL003690
TNNI2;Troponin I, skeletal, fast twitch;Troponin I, fast skeletal muscle;SL004594
TNNI3;Troponin I;Troponin I, cardiac muscle;SL001761
NPPA;ANP;Atrial natriuretic factor;SL002505
ALCAM;ALCAM;CD166 antigen;SL003166
CST1;CYTN;Cystatin-SN;SL010456
IL17RC;IL-17 RC;Interleukin-17 receptor C;SL011068
PRKCB;PKC-B-II;Protein kinase C beta type (splice variant beta-II);SL000553
PRKCG;PKC-G;Protein kinase C gamma type;SL000556
SLAMF7;SLAF7;SLAM family member 7;SL016928
SRC;SRCN1;Proto-oncogene tyrosine-protein kinase Src;SL010516
STIP1;Stress-induced-phosphoprotein 1;Stress-induced-phosphoprotein 1;SL010250
SPOCK1;Testican-1;Testican-1;SL010384
SPOCK2;Testican-2;Testican-2;SL010471
SNRPF;RUXF;Small nuclear ribonucleoprotein F;SL009790
